year,title,pdf_link,Type,ODP reused?,ODP resued names,ODPs links,ontology_available?,Ontology link,
2009,Preliminary Results of Logical Ontology Pattern Detection using SPARQL and Lexical Heuristics,http://sunsite.informatik.rwth-aachen.de/Publications/CEUR-WS/Vol-516/pap06.pdf,Other,FALSE,,,FALSE,,
2009,"Concept Partition Pattern
http:// ontologydesignpatterns.org/wiki/Submission:Partition",http://sunsite.informatik.rwth-aachen.de/Publications/CEUR-WS/Vol-516/pat08.pdf,ODP,FALSE,,http://ontologydesignpatterns.org/wiki/Submission:Partition,FALSE,,
2009,"Pattern for Re-engineering a Classification Scheme, which Follows the Path Enumeration Data Model, to a Taxonomy",http://sunsite.informatik.rwth-aachen.de/Publications/CEUR-WS/Vol-516/pat04.pdf,ODP,FALSE,,"http://ontologydesignpatterns.org/wiki/Submissions:Classification scheme -
path enumeration model - to Taxonomy",,,
2009,ConceptTerms http://ontologydesignpatterns.org/wiki/Submissions:ConceptTerms,http://sunsite.informatik.rwth-aachen.de/Publications/CEUR-WS/Vol-516/pat07.pdf,ODP,FALSE,,http://ontologydesignpatterns.org/wiki/Submissions:ConceptTerms,FALSE,,
2009,Ontology Naming Pattern Sauce for (Human and Computer) Gourmets,http://sunsite.informatik.rwth-aachen.de/Publications/CEUR-WS/Vol-516/pap18.pdf,ODP,FALSE,,,FALSE,,
2009,Ontology Patterns and Beyond - Towards a Universal Pattern Language,http://sunsite.informatik.rwth-aachen.de/Publications/CEUR-WS/Vol-516/pap10.pdf,Pattern Language,FALSE,,,FALSE,,
2009,The newsEvents Ontology - An Ontology for Describing Business Events,http://sunsite.informatik.rwth-aachen.de/Publications/CEUR-WS/Vol-516/pap13.pdf,Ontology,TRUE,"Participation,ObjectRole",https://raw.githubusercontent.com/odpa/patterns-repository/refs/heads/master/Time_indexed_participation/timeindexedparticipation.owl,TRUE,https://www.aifb.uni-karlsruhe.de/WBS/uhe/ontologies/newsEvents.owl,
2009,View Inheritance as an Extension of the Normalization Ontology Design Pattern,http://sunsite.informatik.rwth-aachen.de/Publications/CEUR-WS/Vol-516/pap11.pdf,ODP,FALSE,,http://ontologydesignpatterns.org/index.php/Submissions:View_Inheritance,FALSE,,
2009,Ontologies Construction for Web Services,http://sunsite.informatik.rwth-aachen.de/Publications/CEUR-WS/Vol-516/pap12.pdf,Other,FALSE,,,FALSE,,
2009,Ontology Analysis Based on Ontology Design Patterns,http://sunsite.informatik.rwth-aachen.de/Publications/CEUR-WS/Vol-516/pap05.pdf,Other,FALSE,,,FALSE,,
2009,Pattern Definitions and Semantically Annotated Instances,http://sunsite.informatik.rwth-aachen.de/Publications/CEUR-WS/Vol-516/pap16.pdf,Other,FALSE,,,FALSE,,
2009,Refining Ontologies by Pattern-Based Completion,http://sunsite.informatik.rwth-aachen.de/Publications/CEUR-WS/Vol-516/pap19.pdf,Ontology learning,FALSE,,http://ontologydesignpatterns.org/wiki/Submissions:Precedence,FALSE,,
2009,Representing the Component Library into Ontology Design Patterns,http://sunsite.informatik.rwth-aachen.de/Publications/CEUR-WS/Vol-516/pap20.pdf,ODP,FALSE,,,FALSE,,
2009,Negative Property Assertion Pattern (NPAs),http://sunsite.informatik.rwth-aachen.de/Publications/CEUR-WS/Vol-516/pat06.pdf,ODP,FALSE,,http://ontologydesignpatterns.org/wiki/Submissions:NegativePropertyAssertions,FALSE,,
2009,"Pattern for Re-engineering a Classification Scheme, which Follows the Adjacency List Data Model, to a Taxonomy",http://sunsite.informatik.rwth-aachen.de/Publications/CEUR-WS/Vol-516/pat05.pdf,ODP,FALSE,,http://ontologydesignpatterns.org/wiki/Submissions:Classification_scheme_-_adjacency_list_model_-_to_Taxonomy,FALSE,,
2009,Define Hybrid Class Resolving Disjointness due to Subsumption,http://sunsite.informatik.rwth-aachen.de/Publications/CEUR-WS/Vol-516/pat01.pdf,ODP,FALSE,,http://ontologydesignpatterns.org/wiki/Submissions:Define_Hybrid_Class_Resolving_Disjointness_due_to_Subsumption,FALSE,,
2009,eXtreme Design with Content Ontology Design Patterns,http://sunsite.informatik.rwth-aachen.de/Publications/CEUR-WS/Vol-516/pap21.pdf,Methodology,FALSE,,,FALSE,,
2009,OnlynessIsLoneliness (OIL),http://sunsite.informatik.rwth-aachen.de/Publications/CEUR-WS/Vol-516/pat02.pdf,ODP,FALSE,,http://ontologydesignpatterns.org/wiki/Submissions:OnlynessIsLoneliness_(OIL),FALSE,,
2009,"Pattern for Re-engineering a Term-based Thesaurus, which Follows the Record-based model, to a Lightweight Ontology",http://sunsite.informatik.rwth-aachen.de/Publications/CEUR-WS/Vol-516/pat03.pdf,ODP,FALSE,,http://ontologydesignpatterns.org/wiki/Submissions:Term-based_-_record-based_model_-_thesaurus_to_lightweight_ontology,FALSE,,
2009,Pattern-based OWL Ontology Debugging Guidelines,http://sunsite.informatik.rwth-aachen.de/Publications/CEUR-WS/Vol-516/pap02.pdf,Methodology,FALSE,,,FALSE,,
2009,Using Lexico-Syntactic Ontology Design Patterns for Ontology Creation and Population,http://sunsite.informatik.rwth-aachen.de/Publications/CEUR-WS/Vol-516/pap08.pdf,ODP,FALSE,,,FALSE,,
2009,A Pattern-based Ontology Building Method for Ambient Environments,http://sunsite.informatik.rwth-aachen.de/Publications/CEUR-WS/Vol-516/pap17.pdf,Methodology,FALSE,,,FALSE,,
2009,Using Semantic Relations for Content-based Recommender Systems in Cultural Heritage,http://sunsite.informatik.rwth-aachen.de/Publications/CEUR-WS/Vol-516/pap15.pdf,Other,FALSE,,,FALSE,,
2010,Context Slices: Representing Contexts in OWL,https://ceur-ws.org/Vol-671/pat01.pdf,ODP,FALSE,,http://ontologydesignpatterns.org/wiki/Submissions:Context_Slices,FALSE,,
2010,Faceted Classification Scheme ODP,https://ceur-ws.org/Vol-671/pat02.pdf,ODP,FALSE,,http://ontologydesignpatterns.org/wiki/Submissions:Faceted_Classification_Scheme,FALSE,,
2010,Literal Reification,https://ceur-ws.org/Vol-671/pat04.pdf,ODP,FALSE,,http://ontologydesignpatterns.org/wiki/Submissions:Literal_Reification,FALSE,,
2010,SimpleOrAggregated,https://ceur-ws.org/Vol-671/pat05.pdf,ODP,FALSE,,http://ontologydesignpatterns.org/wiki/Submissions:SimpleOrAggregated,FALSE,,
2010,Summarization of an Inverse n-ary Relation,https://ceur-ws.org/Vol-671/pat03.pdf,ODP,FALSE,,http://ontologydesignpatterns.org/wiki/Submissions:Summarization_of_an_inverse_n-ary_relation,FALSE,,
2010,A Decision-making Format for the Semantic Web,https://ceur-ws.org/Vol-671/pap3.pdf,Other,FALSE,,,FALSE,,
2010,Adapting Ontologies to Content Patterns using Transformation Patterns,https://ceur-ws.org/Vol-671/pap5.pdf,Methodology,FALSE,,,FALSE,,
2010,Archeology for Ontology Patterns,https://ceur-ws.org/Vol-671/keynote.pdf,Position Paper,FALSE,,,FALSE,,
2010,Reusing Ontology Design Patterns in a Context Ontology Network,https://ceur-ws.org/Vol-671/pap4.pdf,Ontology,TRUE,"N-ary Relation,Componency,Specified Values",,TRUE,https://oeg.fi.upm.es/index.php/en/ontologies/82-mio-ontologies/index.html,
2010,"The State of Ontology Pattern Research: A Systematic Review of ISWC, ESWC and ASWC 2005-2009",https://ceur-ws.org/Vol-671/pap1.pdf,Review,FALSE,,,FALSE,,
2012,Modest Use of Ontology Design Patterns in a Repository of Biomedical Ontologies,https://ceur-ws.org/Vol-929/paper4.pdf,Study,FALSE,,,FALSE,,
2012,Conformance to Standards,https://ceur-ws.org/Vol-929/paper12.pdf,ODP,FALSE,,http://ontologydesignpatterns.org/wiki/Submissions:Standards_Enforcer_Pattern,FALSE,,
2012,Reactive Processes,https://ceur-ws.org/Vol-929/paper13.pdf,ODP,FALSE,,http://ontologydesignpatterns.org/wiki/Submissions:Reactor_Pattern,FALSE,,
2012,The Template Instance Pattern,https://ceur-ws.org/Vol-929/paper11.pdf,ODP,FALSE,,http://ontologydesignpatterns.org/wiki/Submissions:Template_Instance_Pattern,FALSE,,
2012,Building Ontologies by using Re-engineering Patterns and R2RML Mappings,https://ceur-ws.org/Vol-929/paper10.pdf,Methodology,FALSE,,http://ontologydesignpatterns.org/wiki/Submissions:ReengineeringODPs,FALSE,,
2012,Relational Database to RDF Mapping Patterns,https://ceur-ws.org/Vol-929/paper9.pdf,ODP,FALSE,,http://ontologydesignpatterns.org/wiki/Submissions:Relational_Database_to_RDF_Mapping_Patterns,FALSE,,
2012,SPARQL-DL queries for Antipattern Detection,https://ceur-ws.org/Vol-929/paper8.pdf,Methodology,FALSE,,,FALSE,,
2012,A Pattern For Interrelated Numerical Properties,https://ceur-ws.org/Vol-929/paper5.pdf,ODP,FALSE,,http://ontologydesignpatterns.org/wiki/Submissions:Interrelated_Numerical_Properties_Pattern,FALSE,,
2012,Applications of Ontology Design Patterns in the Transformation of Multimedia Repositories,https://ceur-ws.org/Vol-929/paper7.pdf,Ontology,TRUE,"AgentRole,ParticipantRole,Tagging",,TRUE,https://www.myexperiment.org/files/679.html,
2012,Linguistic Patterns for Information Extraction in OntoCmaps,https://ceur-ws.org/Vol-929/paper6.pdf,ODP,TRUE,,http://ontologydesignpatterns.org/wiki/Category:ProposedLexicoSyntacticOP,FALSE,,
2012,Ontology Design Pattern Language Expressivity Requirements,https://ceur-ws.org/Vol-929/paper3.pdf,Review,FALSE,,http://ontologydesignpatterns.org/wiki/Category:ProposedContentOP,FALSE,,
2012,Ontology Design Patterns in Use - Lessons Learnt from an Ontology Engineering Case,https://ceur-ws.org/Vol-929/paper2.pdf,Case Study,TRUE,,http://ontologydesignpatterns.org,FALSE,,
2012,Specifying Ontology Design Patterns with an Ontology Repository,https://ceur-ws.org/Vol-929/paper1.pdf,Methodology,TRUE,,,FALSE,,
2013,Ontology Patterns: Clarifying Concepts and Terminology,https://ceur-ws.org/Vol-1188/paper_11.pdf,Case Study,TRUE,,,FALSE,,
2013,Reasoning Performance Indicators for Ontology Design Patterns,https://ceur-ws.org/Vol-1188/paper_3.pdf,Evaluation Study,FALSE,,,FALSE,,
2013,Detecting Good Practices and Pitfalls when Publishing Vocabularies on the Web,https://ceur-ws.org/Vol-1188/paper_6.pdf,Methodology,FALSE,,,FALSE,,
2013,Event Processing in RDF,https://ceur-ws.org/Vol-1188/paper_1.pdf,ODP,FALSE,,http://ontologydesignpatterns.org/wiki/Submissions:EventProcessing,FALSE,,
2013,Terminology-Based Patterns for Natural Language Definitions in Ontologies,https://ceur-ws.org/Vol-1188/paper_12.pdf,Other,FALSE,,,FALSE,,
2013,Towards Diagrammatic Ontology Patterns,https://ceur-ws.org/Vol-1188/paper_4.pdf,Other,FALSE,,,FALSE,,
2013,The Event Processing ODP,https://ceur-ws.org/Vol-1188/paper_2.pdf,ODP,TRUE,EventProcessing,http://ontologydesignpatterns.org/wiki/Submissions:EventProcessing,TRUE,http://www.ontologydesignpatterns.org/cp/examples/eventprocessing/eventexample.owl,
2013,The Object with States Ontology Design Pattern,https://ceur-ws.org/Vol-1188/paper_5.pdf,ODP,TRUE,"Situation,CollectionEntity,Set",http://ontologydesignpatterns.org/wiki/Submissions:Situation,TRUE,http://delicias.dia.fi.upm.es/ontologies/ObjectWithStates.owl,
2013,License Linked Data Resources Pattern,https://ceur-ws.org/Vol-1188/paper_7.pdf,ODP,FALSE,,,FALSE,,
2013,Abstracting Transport to an Ontology Design Pattern for the Geosciences,https://ceur-ws.org/Vol-1188/paper_13.pdf,ODP,FALSE,,http://ontologydesignpatterns.org/wiki/Submissions:Move,FALSE,,
2013,Statistical Knowledge Patterns for Characterising Linked Data,https://ceur-ws.org/Vol-1188/paper_9.pdf,Other,FALSE,,,FALSE,,
2014,An Ontology Design Pattern for Activity Reasoning,https://ceur-ws.org/Vol-1302/paper8.pdf,ODP,FALSE,,http://descartes-core.org/ontologies/activities/1.0/ActivityPattern.owl,FALSE,,
2014,An Ontology Design Pattern for Cooking Recipes - Classroom Created,https://ceur-ws.org/Vol-1302/paper5.pdf,ODP,FALSE,,,FALSE,,
2014,An Ontology Design Pattern for Material Transformation,https://ceur-ws.org/Vol-1302/paper7.pdf,ODP,FALSE,,http://ontologydesignpatterns.org/wiki/Submissions:Material_Transformation,FALSE,,
2014,Ontology Patterns for Clinical Information Modelling,https://ceur-ws.org/Vol-1302/paper6.pdf,ODP,FALSE,,,FALSE,,
2014,Building Ontologies from Textual Resources: A Pattern Based Improvement Using Deep Linguistic Information,https://ceur-ws.org/Vol-1302/paper2.pdf,Other,FALSE,,,FALSE,,
2014,Digging Ontology Correspondence Antipatterns,https://ceur-ws.org/Vol-1302/paper4.pdf,Antipattern,FALSE,,,FALSE,,
2014,Towards the Reuse of Standardized Thesauri Into Ontologies,https://ceur-ws.org/Vol-1302/paper3.pdf,Ontology Engineering,FALSE,,,FALSE,,
2014,A Pattern-Based Ontology for Describing Publishing Workflows,https://ceur-ws.org/Vol-1302/paper1.pdf,Ontology,TRUE,"timeinterval,participation",,TRUE,http://purl.org/spar/pwo,
2014,Fueling the Future with Semantic Web Patterns,https://ceur-ws.org/Vol-1302/invited.pdf,Vision Paper,FALSE,,,FALSE,,
2015,Integrating Ontology Debugging and Matching into the eXtreme Design Methodology,https://ceur-ws.org/Vol-1461/WOP2015_paper_1.pdf,Other,FALSE,,,FALSE,,
2015,OBM2OWL Patterns: Spotlight on OWL Modeling Versatility,https://ceur-ws.org/Vol-1461/WOP2015_paper_2.pdf,ODP,TRUE,,,FALSE,,
2015,An Ontology Design Pattern for Dynamic Relative Relationships,https://ceur-ws.org/Vol-1461/WOP2015_paper_3.pdf,ODP,FALSE,,,FALSE,,
2015,A Minimal Ontology Pattern for Life Cycle Assessment Data,https://ceur-ws.org/Vol-1461/WOP2015_pattern_abstract_1.pdf,ODP,FALSE,,http://descartes-core.org/ontologies/lca/1.0/LCAPattern.owl,FALSE,,
2015,An Ontology Design Pattern for Chess Games,https://ceur-ws.org/Vol-1461/WOP2015_pattern_abstract_2.pdf,ODP,FALSE,,http://ontologydesignpatterns.org/wiki/Submissions:ChessGame,FALSE,,
2015,An Ontology Design Pattern for Data Integration in the Library Domain,https://ceur-ws.org/Vol-1461/WOP2015_pattern_abstract_3.pdf,ODP,FALSE,,https://www.dropbox.com/sh/88jh5qwdgpxueqz/AAAj_kgmL5ErPL2JaPWtCvEsa?dl=0,FALSE,,
2015,An Ontology Design Pattern for Digital Video,https://ceur-ws.org/Vol-1461/WOP2015_pattern_abstract_4.pdf,ODP,FALSE,,http://ontologydesignpatterns.org/wiki/Submissions:DigitalVideo,FALSE,,
2015,An Ontology Design Pattern for Particle Physics Analysis,https://ceur-ws.org/Vol-1461/WOP2015_pattern_abstract_5.pdf,ODP,FALSE,,https://www.dropbox.com/sh/0upr45j1awd4q0d/AAAw9BQ2eZIWBIh_rBpP1Uu1a?dl=0,FALSE,,
2015,DIO: A Pattern for Capturing the Intents Underlying Designs,https://ceur-ws.org/Vol-1461/WOP2015_pattern_abstract_6.pdf,ODP,FALSE,,http://purl.org/dio/,FALSE,,
2015,The Hazardous Situation Ontology Design Pattern,https://ceur-ws.org/Vol-1461/WOP2015_pattern_abstract_7.pdf,ODP,FALSE,,http://ontologydesignpatterns.org/wiki/Submissions:HazardousSituation,FALSE,,
2016,Designing a Map Legend Ontology for Enabling Map Content Search,http://ontologydesignpatterns.org/images/8/85/WOP2016_paper_11.pdf,Ontology,FALSE,,,TRUE,http://stko-exp.geog.ucsb.edu/mlo/map_legend_ontology.owl,
2016,Ranging the Description Ontology Design Pattern with Literal Values,http://ontologydesignpatterns.org/images/a/a9/WOP2016_paper_12.pdf,ODP,FALSE,,http://ontologydesignpatterns.org/wiki/Submissions:Description_in_Range,FALSE,,
2016,Complaint Ontology Pattern - COP,http://ontologydesignpatterns.org/images/1/16/WOP2016_paper_09.pdf,ODP,FALSE,,http://ontologydesignpatterns.org/wiki/Submissions:COP,FALSE,,
2016,The Algorithm-Implementation-Execution Ontology Design Pattern,http://ontologydesignpatterns.org/images/4/41/WOP2016_paper_07.pdf,ODP,FALSE,,http://ontologydesignpatterns.org/wiki/Submissions:AlgorithmImplementationExecution,FALSE,,
2016,A Spatiotemporal Extent Pattern based on Semantic Trajectories,http://ontologydesignpatterns.org/images/5/55/WOP2016_paper_06.pdf,ODP,FALSE,,http://ontologydesignpatterns.org/wiki/Submissions:SpatioTemporalExtent,FALSE,,
2016,A Core Pattern for Events,http://ontologydesignpatterns.org/images/5/52/WOP2016_paper_04.pdf,ODP,FALSE,,http://ontologydesignpatterns.org/wiki/Submissions:EventCore,FALSE,,
2016,The Reporting Event Ontology Design Pattern,http://ontologydesignpatterns.org/images/a/ac/WOP2016_paper_18.pdf,ODP,FALSE,,http://ontologydesignpatterns.org/wiki/Submissions:ReportingEvent,FALSE,,
2016,A Modification to the Hazardous Situation ODP to Support Risk Assessment and Mitigation,http://ontologydesignpatterns.org/images/8/80/WOP2016_paper_16.pdf,ODP,FALSE,,,FALSE,,
2016,An Ontology Design Pattern for supporting behaviour arbitration in cognitive agents,http://ontologydesignpatterns.org/images/0/03/WOP2016_paper_13.pdf,ODP,FALSE,,http://ontologydesignpatterns.org/wiki/Submissions:Affordance,FALSE,,
2016,LoSe ODP - An Ontology Design Pattern for Logistics Services,http://ontologydesignpatterns.org/images/f/fb/WOP2016_paper_14.pdf,ODP,FALSE,,,FALSE,,
2016,Template-Based Content ODP Instantiation,http://ontologydesignpatterns.org/images/1/11/WOP2016_paper_01.pdf,Other,FALSE,,,FALSE,,
2016,How to Document Ontology Design Patterns,http://ontologydesignpatterns.org/images/f/fc/WOP2016_paper_02.pdf,Documentation Study,FALSE,,,FALSE,,
2016,The Stub Metapattern,http://ontologydesignpatterns.org/images/f/f3/WOP2016_paper_05.pdf,ODP,TRUE,,http://ontologydesignpatterns.org/wiki/Submissions:Stub_Metapattern,FALSE,,
2017,On the Ontological Modeling of Trees,https://ceur-ws.org/Vol-2043/paper-01.pdf,ODP,TRUE,"List,Sequence",,FALSE,,
2017,Towards a Simple but Useful Ontology Design Pattern Representation Language,https://ceur-ws.org/Vol-2043/paper-09.pdf,Pattern Language,FALSE,,,FALSE,,
2017,Generic Ontologies and Generic Ontology Design Patterns,https://ceur-ws.org/Vol-2043/paper-02.pdf,ODP,TRUE,,https://ontohub.org/godp,FALSE,,
2017,Pattern-Based Ontology Design and Instantiation with Reasonable Ontology Templates,https://ceur-ws.org/Vol-2043/paper-04.pdf,Other,TRUE,,http://www.ottr.xyz,FALSE,,
2017,Pattern Alternatives for Referring to Multiple Indirectly Specified Objects,https://ceur-ws.org/Vol-2043/paper-08.pdf,ODP,FALSE,,,FALSE,,
2017,A Pattern-based Ontology for the Internet of Things,https://ceur-ws.org/Vol-2043/paper-11.pdf,Ontology,TRUE,"Region,Collection",http://stlab.istc.cnr.it/IoT-AP/IoT-AP.rdf,TRUE,http://stlab.istc.cnr.it/IoT-AP/IoT-AP.rdf,
2017,Computational Environment: An ODP to Support Finding and Recreating Computational Analyses,https://ceur-ws.org/Vol-2043/paper-03.pdf,ODP,FALSE,,,FALSE,,
2017,Defining Activity Specifications in OWL,https://ceur-ws.org/Vol-2043/paper-07.pdf,ODP,FALSE,,http://ontologydesignpatterns.org/wiki/Submissions:ActivitySpecification,FALSE,,
2017,A Logical Pattern for Representing Change Over Time in OWL,https://ceur-ws.org/Vol-2043/paper-05.pdf,ODP,FALSE,,http://ontologydesignpatterns.org/wiki/Submissions:Change of Time Varying Entities,FALSE,,
2017,An Ontology Design Pattern for Microblog Entries,https://ceur-ws.org/Vol-2043/paper-06.pdf,ODP,FALSE,,https://raw.githubusercontent.com/cogan-shimizu-wsu/MicroblogEntryOWL/master/MicroblogEntry.owl,FALSE,,
2018,Ontology Design Patterns for Winston's Taxonomy of Part-Whole Relations,https://ceur-ws.org/Vol-2195/pattern_paper_1.pdf,ODP,TRUE,,http://ontologydesignpatterns.org/wiki/Submissions:Winstons_Taxonomy,FALSE,,
2018,Two Ontology Design Patterns toward Energy Efficiency in Buildings,https://ceur-ws.org/Vol-2195/pattern_paper_2.pdf,ODP,TRUE,,http://ontologydesignpatterns.org/wiki/Submissions:Energy_Efficiency,FALSE,,
2018,An Ontology Design Pattern for Describing Personal Data in Privacy Policies,https://ceur-ws.org/Vol-2195/pattern_paper_3.pdf,Ontology,FALSE,,http://ontologydesignpatterns.org/wiki/Submissions:PrivacyPolicyPersonalData,TRUE,https://www.w3.org/community/dpvcg/wiki/GDPRtEXT,
2018,Towards a Pattern-Based Ontology for Chemical Laboratory Procedures,https://ceur-ws.org/Vol-2195/research_paper_1.pdf,ODP,TRUE,,https://daselab.org/chemicalprocesspattern/,FALSE,,
2018,Towards Improving the Quality of Knowledge Graphs with Data-driven Ontology Patterns and SHACL,https://ceur-ws.org/Vol-2195/research_paper_2.pdf,Other,FALSE,,,FALSE,,
2018,Using Ontology Design Patterns To Define SHACL Shapes,https://ceur-ws.org/Vol-2195/research_paper_3.pdf,ODP,TRUE,,http://ontologydesignpatterns.org/wiki/Submissions:SHACL_Shapes,FALSE,,
2018,Methods and Metrics for Knowledge Base Engineering and Integration,https://ceur-ws.org/Vol-2195/research_paper_4.pdf,Other,FALSE,,,FALSE,,
2018,Making a Case for Formal Relations over Ontology Patterns,https://ceur-ws.org/Vol-2195/research_paper_5.pdf,Other,FALSE,,,FALSE,,
2018,A Pattern-Based Core Ontology for Product Lifecycle Management based on DUL,https://ceur-ws.org/Vol-2195/research_paper_6.pdf,Ontology,TRUE,Product Part Information Entity Pattern,http://ontologydesignpatterns.org/wiki/Submissions:DUL_Lifecycle,TRUE,https://github.com/FSCHOEN/CO-PLM,
2019,OD2WD: From Open Data to Wikidata through Patterns,https://ceur-ws.org/Vol-2459/paper1.pdf,Other,FALSE,,,FALSE,,
2019,Comparing Approaches for Capturing Repetitive Structures in Ontology Design Patterns,https://ceur-ws.org/Vol-2459/paper2.pdf,ODP,FALSE,,http://odps.sourceforge.net/odp/owl/Good_Practice_ODP/Entity_Property_Quality.owl,FALSE,,
2019,Ontology Design Patterns for Representing Context in Ontologies using Aspect Orientation,https://ceur-ws.org/Vol-2459/paper3.pdf,ODP,FALSE,,https://odp.aspectowl.xyz/aspect/0.1/TopologicalAspect,FALSE,,
2019,MODL: A Modular Ontology Design Library,https://ceur-ws.org/Vol-2459/paper4.pdf,Other,FALSE,,,FALSE,,
2019,An Ontology Design Pattern for Representing Recurrent Events,https://ceur-ws.org/Vol-2459/pattern1.pdf,ODP,TRUE,,,FALSE,,
2019,ODPReco - A Tool to Recommend Ontology Design Patterns,https://ceur-ws.org/Vol-2459/short1.pdf,Tool,FALSE,,,FALSE,,
2019,Extensions to the Ontology Design Pattern Representation Language,https://ceur-ws.org/Vol-2459/short2.pdf,Other,TRUE,,,FALSE,,
2021,OPLaX: Annotating Ontology Design Patterns at Conceptual and Instance Level,https://ceur-ws.org/Vol-3011/paper1.pdf,ODP,FALSE,,,FALSE,,
2021,Aligning Patterns to the Wikibase Model,https://ceur-ws.org/Vol-3011/paper2.pdf,Other,FALSE,,,FALSE,,
2021,Mapping Biographical Events to ODPs Through Lexico-Semantic Patterns,https://ceur-ws.org/Vol-3011/paper3.pdf,Other,FALSE,,,FALSE,,
2021,A Pattern for Modeling Causal Relations Between Events,https://ceur-ws.org/Vol-3011/pattern1.pdf,ODP,FALSE,https://github.com/KnowWhereGraph/causal-events-pattern,,,,
2021,The Music Note Ontology,https://ceur-ws.org/Vol-3011/pattern2.pdf,Ontology,TRUE,,https://purl.org/andreapoltronieri/notepattern,TRUE,https://github.com/polifonia-project/music-representation-ontology,
2021,An Ontology Design Pattern for Modeling Pollution,https://ceur-ws.org/Vol-3011/pattern3.pdf,ODP,FALSE,,http://ontologydesignpatterns.org/wiki/Submissions:Pollution,FALSE,,
2022,SoCK: SHACL on Completeness Knowledge,https://ceur-ws.org/Vol-3352/paper1.pdf,Other,FALSE,,,FALSE,,
2022,Introducing ODIN: Ontological Design grounded in Image-schematic kNowledge,https://ceur-ws.org/Vol-3352/paper2.pdf,KG,TRUE,,http://ontologydesignpatterns.org/wiki/Submissions:ContentOPs,TRUE,https://github.com/StenDoipanni/ODIN,
2022,An Ontology Design Pattern for Historical Metrological Practices,https://ceur-ws.org/Vol-3352/pattern1.pdf,ODP,FALSE,,http://ontologydesignpatterns.org/wiki/Submissions:HistoricalMetrology,FALSE,,
2022,The Music Annotation Pattern,https://ceur-ws.org/Vol-3352/pattern2.pdf,ODP,FALSE,,,FALSE,,
2022,A Pattern for Representing Scientific Taxonomies,https://ceur-ws.org/Vol-3352/pattern3.pdf,ODP,FALSE,,https://github.com/shirlysteph/taxonomy-odp,FALSE,,
2022,An Ontology Design Pattern for Spatial and Temporal Aggregate Data (STAD),https://ceur-ws.org/Vol-3352/pattern4.pdf,ODP,FALSE,,https://theskailab.github.io/STAD/stad.html,,,
2022,A Pattern for Modeling Computational Observations,https://ceur-ws.org/Vol-3352/pattern5.pdf,ODP,FALSE,,,,,
2023,Cross-domain Modelling - A Network of Core Ontologies for the Circular Economy,https://ceur-ws.org/Vol-3636/paper1.pdf,Ontology,TRUE,"Participation,ParticipantRole",,TRUE,https://liusemweb.github.io/CEON/ontology/cvn/0.1/index.html,
2023,OWL Paths: A library for processing SPARQL-like property paths over OWL classes,https://ceur-ws.org/Vol-3636/paper2.pdf,Other,FALSE,,,FALSE,,
2023,Pattern-based design for modelling an ontology network in the water and health domains,https://ceur-ws.org/Vol-3636/paper3.pdf,Ontology,TRUE,PartOf ODP,http://ontologydesignpatterns.org/wiki/Submissions:PartOf,TRUE,https://github.com/whow-project/assets/tree/main,
2023,An Ontology Design Pattern for Representing Causality,https://ceur-ws.org/Vol-3636/paper4.pdf,ODP,FALSE,,https://github.com/utkarshani/CausalPattern,FALSE,,
2023,Using Patterns to Manage Governance of Solid Apps,https://ceur-ws.org/Vol-3636/paper5.pdf,Other,FALSE,,,FALSE,,
2023,An Ontology Design Pattern for Role-Dependent Names,https://ceur-ws.org/Vol-3636/paper6.pdf,ODP,FALSE,,,FALSE,,
2023,Modelling Sustainability for an IoT-enabled Smart Green Campus using an Ontology-based Approach,https://ceur-ws.org/Vol-3636/paper7.pdf,Ontology,FALSE,,,FALSE,,
2023,Insights from an OTTR-centric Ontology Engineering Methodology,https://ceur-ws.org/Vol-3636/paper8.pdf,Methodology,TRUE,,,FALSE,,
2023,Pattern Comparison of is-a Concepts for Ontology Localisation,https://ceur-ws.org/Vol-3636/paper9.pdf,Evaluation,TRUE,,,FALSE,,
2023,SAREF4SYST: a SAREF Reference Ontology Pattern for Representing Systems and their Interconnections,https://ceur-ws.org/Vol-3636/paper10.pdf,Ontology,FALSE,,,TRUE,https://saref.etsi.org/patterns/,
2024,Kind of X and X of Interest: An Ontology Design Pattern to Reconcile Web of Thing Ontologies,https://hal.science/hal-04765079v1/document,Ontology,FALSE,,https://coswot.gitlab.io/,TRUE,https://gitlab.com/coswot/coswot-acimov,
2024,One pattern to express them all? Towards Generalised Patterns for Ontology Design in the Digital Humanities,https://openreview.net/attachment?id=31KShmkYjKQmEqHcXRqDaa&name=pdf,Review,TRUE,,,FALSE,,
2024,Phased Evaluation of Ontologies with Domain and Ontology Experts,https://openreview.net/attachment?id=XwhC8r3qAh2thqZbdsfEXq&name=pdf,Other,FALSE,,,FALSE,,
2024,Towards Computable and Explainable Policies Using Semantic Web Standards,https://openreview.net/attachment?id=5q9yWEgekjQjif4UUBexFc&name=pdf,Other,FALSE,,,FALSE,,
2024,Ontology Design Metapattern for RelationType Role Compositions,https://openreview.net/attachment?id=CJtuqSHwgkky4M2B3v6Yvh&name=pdf,Other,FALSE,,,FALSE,,
2024,IndiLegalOnt: An Ontology for the Indian Legal System,https://openreview.net/pdf?id=HPGx7Stmse,Ontology,FALSE,,,TRUE,https://github.com/kracr/indian-legal-ontology,
2025,Is SHACL Suitable for Data Quality Assessment?,https://ceur-ws.org/Vol-4093/paper1.pdf,Other,FALSE,,,FALSE,,
2025,AISHIP: An Ontology for Extended Vessel Representation and Multimodal Data Integration,https://ceur-ws.org/Vol-4093/paper2.pdf,Ontology,FALSE,,,TRUE,https://zenodo.org/records/16729401,
2025,BEAR: A Value-First Ontology Engineering Framework for Business Ecosystem Analysis and Representation,https://ceur-ws.org/Vol-4093/paper3.pdf,Other,FALSE,,,FALSE,,
2025,ARGOS: Ontology Design Patterns for Governing Dynamic Data Operations in LLM-Powered Applications,https://ceur-ws.org/Vol-4093/paper4.pdf,Ontology,FALSE,,,TRUE,https://tetherless-world.github.io/argos/ontology.html,
2025,MQTT4SSN: An Ontology for the MQTT Message Protocol,https://ceur-ws.org/Vol-4093/paper7.pdf,Ontology,FALSE,,,TRUE,https://doernern.github.io/MQTT4SSNOntology/MQTT4SSN.owl,
2025,Capturing Requests and Context for ODRL-based Access and Usage Control,https://ceur-ws.org/Vol-4093/paper5.pdf,Ontology,FALSE,,,TRUE,https://spec.knows.idlab.ugent.be/sotw/latest/,
2025,Incentivizing Sustainable Data Exchanges through Unique Contextualization of History and Destiny,https://ceur-ws.org/Vol-4093/paper6.pdf,Other,FALSE,,,FALSE,,
2025,An Ontology Design Pattern for Representing Temporal Indirection,https://ceur-ws.org/Vol-4093/paper8.pdf,ODP,FALSE,,,,,github link is not available